-- SQL Script to insert 10 Moroccan Users into MySQL
-- Run this in MySQL Workbench

USE tradesense;

-- 1. Insert Users
INSERT INTO users (id, full_name, username, email, password_hash, role, created_at) VALUES ('1', 'Yassine Benali', 'yassinebenali', 'yassine@tradesense.ma', 'scrypt:32768:8:1$sDP8GQ4mOfuGxdud$2a95a1328bcdb569152f353b7e0c14ae5421c9007e515a718fa26e9bc4f0aa55b67e0cd8242cdfef94ae4825f6536db972f15972462f0ef9469ab10bd6c6233f', 'SUPERADMIN', '2026-01-16 12:52:23.297109');
INSERT INTO users (id, full_name, username, email, password_hash, role, created_at) VALUES ('2', 'Imane Tazi', 'imanetazi', 'imane@tradesense.ma', 'scrypt:32768:8:1$sDP8GQ4mOfuGxdud$2a95a1328bcdb569152f353b7e0c14ae5421c9007e515a718fa26e9bc4f0aa55b67e0cd8242cdfef94ae4825f6536db972f15972462f0ef9469ab10bd6c6233f', 'ADMIN', '2026-01-16 12:52:23.382060');
INSERT INTO users (id, full_name, username, email, password_hash, role, created_at) VALUES ('3', 'Soufiane Amrani', 'soufianeamrani', 'soufiane@gmail.com', 'scrypt:32768:8:1$sDP8GQ4mOfuGxdud$2a95a1328bcdb569152f353b7e0c14ae5421c9007e515a718fa26e9bc4f0aa55b67e0cd8242cdfef94ae4825f6536db972f15972462f0ef9469ab10bd6c6233f', 'USER', '2026-01-16 12:52:23.434032');
INSERT INTO users (id, full_name, username, email, password_hash, role, created_at) VALUES ('4', 'Khadija Idrissi', 'khadijaidrissi', 'khadija.trading@gmail.com', 'scrypt:32768:8:1$sDP8GQ4mOfuGxdud$2a95a1328bcdb569152f353b7e0c14ae5421c9007e515a718fa26e9bc4f0aa55b67e0cd8242cdfef94ae4825f6536db972f15972462f0ef9469ab10bd6c6233f', 'USER', '2026-01-16 12:52:23.539971');
INSERT INTO users (id, full_name, username, email, password_hash, role, created_at) VALUES ('5', 'Othman El Fassi', 'othmanel fassi', 'othman.crypto@yahoo.com', 'scrypt:32768:8:1$sDP8GQ4mOfuGxdud$2a95a1328bcdb569152f353b7e0c14ae5421c9007e515a718fa26e9bc4f0aa55b67e0cd8242cdfef94ae4825f6536db972f15972462f0ef9469ab10bd6c6233f', 'USER', '2026-01-16 12:52:23.663898');
INSERT INTO users (id, full_name, username, email, password_hash, role, created_at) VALUES ('6', 'Salma Bennani', 'salmabennani', 'salma.b@hotmail.com', 'scrypt:32768:8:1$sDP8GQ4mOfuGxdud$2a95a1328bcdb569152f353b7e0c14ae5421c9007e515a718fa26e9bc4f0aa55b67e0cd8242cdfef94ae4825f6536db972f15972462f0ef9469ab10bd6c6233f', 'USER', '2026-01-16 12:52:23.716868');
INSERT INTO users (id, full_name, username, email, password_hash, role, created_at) VALUES ('7', 'Mehdi Jettou', 'mehdijettou', 'mehdi.fx@gmail.com', 'scrypt:32768:8:1$sDP8GQ4mOfuGxdud$2a95a1328bcdb569152f353b7e0c14ae5421c9007e515a718fa26e9bc4f0aa55b67e0cd8242cdfef94ae4825f6536db972f15972462f0ef9469ab10bd6c6233f', 'USER', '2026-01-16 12:52:23.796822');
INSERT INTO users (id, full_name, username, email, password_hash, role, created_at) VALUES ('8', 'Asmaa Chaoui', 'asmaachaoui', 'asmaa.c@gmail.com', 'scrypt:32768:8:1$sDP8GQ4mOfuGxdud$2a95a1328bcdb569152f353b7e0c14ae5421c9007e515a718fa26e9bc4f0aa55b67e0cd8242cdfef94ae4825f6536db972f15972462f0ef9469ab10bd6c6233f', 'USER', '2026-01-16 12:52:23.978608');
INSERT INTO users (id, full_name, username, email, password_hash, role, created_at) VALUES ('9', 'Hamza Alami', 'hamzaalami', 'hamza.alami@live.com', 'scrypt:32768:8:1$sDP8GQ4mOfuGxdud$2a95a1328bcdb569152f353b7e0c14ae5421c9007e515a718fa26e9bc4f0aa55b67e0cd8242cdfef94ae4825f6536db972f15972462f0ef9469ab10bd6c6233f', 'USER', '2026-01-16 12:52:24.234461');
INSERT INTO users (id, full_name, username, email, password_hash, role, created_at) VALUES ('10', 'Meryem Ouazzani', 'meryemouazzani', 'meryem.o@gmail.com', 'scrypt:32768:8:1$sDP8GQ4mOfuGxdud$2a95a1328bcdb569152f353b7e0c14ae5421c9007e515a718fa26e9bc4f0aa55b67e0cd8242cdfef94ae4825f6536db972f15972462f0ef9469ab10bd6c6233f', 'USER', '2026-01-16 12:52:24.543585');
INSERT INTO users (id, full_name, username, email, password_hash, role, created_at) VALUES ('11', 'Karim Trader', 'karimtrader', 'karim@trade.ma', 'scrypt:32768:8:1$huOhHm2HhqxXvepn$5ab7d12c8b4e1b05136125d1b2f5b9f4c699b003cc31338d3f9148e09458f61c9424420b46e4a8b9d483c6090ec96f0f0557c24b852b87d88f14547e35b908cb', 'USER', '2026-01-16 12:56:19.685364');
INSERT INTO users (id, full_name, username, email, password_hash, role, created_at) VALUES ('12', 'Sara Admin', 'saraadmin', 'sara@admin.ma', 'scrypt:32768:8:1$tF6atFCKxVp2GXbr$3026650130c27c6a6053dc058402a3aa1d32853f71cf5fc23e608add3201966bf6282d9e28a3df6acdfc44d98175eaefcc89b10420007f61439651979724da38', 'ADMIN', '2026-01-16 12:56:20.184633');

-- 2. Insert Accounts
INSERT INTO accounts (id, user_id, plan_name, initial_balance, current_balance, equity, daily_starting_equity, status, reason, admin_note, created_at, last_daily_reset) VALUES ('1', '1', 'Elite', '100000.0', '104751.18699611483', '104751.18699611483', '104751.18699611483', 'ACTIVE', NULL, NULL, '2026-01-09 12:52:23.332089', '2026-01-16');
INSERT INTO accounts (id, user_id, plan_name, initial_balance, current_balance, equity, daily_starting_equity, status, reason, admin_note, created_at, last_daily_reset) VALUES ('2', '2', 'Pro', '25000.0', '31795.995407686234', '31795.995407686234', '31795.995407686234', 'ACTIVE', NULL, NULL, '2026-01-09 12:52:23.396052', '2026-01-16');
INSERT INTO accounts (id, user_id, plan_name, initial_balance, current_balance, equity, daily_starting_equity, status, reason, admin_note, created_at, last_daily_reset) VALUES ('3', '3', 'Starter', '5000.0', '2025.190860428358', '2025.190860428358', '2025.190860428358', 'FAILED', NULL, NULL, '2026-01-09 12:52:23.492997', '2026-01-16');
INSERT INTO accounts (id, user_id, plan_name, initial_balance, current_balance, equity, daily_starting_equity, status, reason, admin_note, created_at, last_daily_reset) VALUES ('4', '4', 'Pro', '25000.0', '31913.050278073162', '31913.050278073162', '31913.050278073162', 'ACTIVE', NULL, NULL, '2026-01-09 12:52:23.621923', '2026-01-16');
INSERT INTO accounts (id, user_id, plan_name, initial_balance, current_balance, equity, daily_starting_equity, status, reason, admin_note, created_at, last_daily_reset) VALUES ('5', '5', 'Elite', '100000.0', '132493.30964166985', '132493.30964166985', '132493.30964166985', 'PASSED', NULL, NULL, '2026-01-09 12:52:23.683888', '2026-01-16');
INSERT INTO accounts (id, user_id, plan_name, initial_balance, current_balance, equity, daily_starting_equity, status, reason, admin_note, created_at, last_daily_reset) VALUES ('6', '6', 'Starter', '5000.0', '6370.503605488897', '6370.503605488897', '6370.503605488897', 'PASSED', NULL, NULL, '2026-01-09 12:52:23.734858', '2026-01-16');
INSERT INTO accounts (id, user_id, plan_name, initial_balance, current_balance, equity, daily_starting_equity, status, reason, admin_note, created_at, last_daily_reset) VALUES ('7', '7', 'Pro', '25000.0', '46115.98395260933', '46115.98395260933', '46115.98395260933', 'ACTIVE', NULL, NULL, '2026-01-09 12:52:23.839798', '2026-01-16');
INSERT INTO accounts (id, user_id, plan_name, initial_balance, current_balance, equity, daily_starting_equity, status, reason, admin_note, created_at, last_daily_reset) VALUES ('8', '8', 'Starter', '5000.0', '4128.836151770718', '4128.836151770718', '4128.836151770718', 'FAILED', NULL, NULL, '2026-01-09 12:52:24.098538', '2026-01-16');
INSERT INTO accounts (id, user_id, plan_name, initial_balance, current_balance, equity, daily_starting_equity, status, reason, admin_note, created_at, last_daily_reset) VALUES ('9', '9', 'Elite', '100000.0', '126055.41823944755', '126055.41823944755', '126055.41823944755', 'PASSED', NULL, NULL, '2026-01-09 12:52:24.317486', '2026-01-16');
INSERT INTO accounts (id, user_id, plan_name, initial_balance, current_balance, equity, daily_starting_equity, status, reason, admin_note, created_at, last_daily_reset) VALUES ('10', '10', 'Pro', '25000.0', '27126.099132835425', '27126.099132835425', '27126.099132835425', 'ACTIVE', NULL, NULL, '2026-01-09 12:52:24.590003', '2026-01-16');

-- 3. Insert Trades
INSERT INTO trades (id, account_id, user_id, symbol, side, quantity, price, trade_type, amount, entry_price, exit_price, stop_loss, take_profit, commission, swap, notes, status, pnl, timestamp, created_at, closed_at) VALUES ('1', '1', '1', 'IAM.MA', 'BUY', '0.6860573458334506', '12334.888096183317', 'BUY', '0.0', '41943.26408497775', '19075.1227626845', NULL, NULL, '0.0', '0.0', NULL, 'CLOSED', '4023.518590142698', '2026-01-13 14:52:23.347081', '2026-01-09 23:52:23.347081', '2026-01-16 12:52:23.347081');
INSERT INTO trades (id, account_id, user_id, symbol, side, quantity, price, trade_type, amount, entry_price, exit_price, stop_loss, take_profit, commission, swap, notes, status, pnl, timestamp, created_at, closed_at) VALUES ('2', '1', '1', 'ETH-USD', 'BUY', '0.3450815472159078', '18215.335763407784', 'BUY', '0.0', '15469.83576337356', '33587.82133471867', NULL, NULL, '0.0', '0.0', NULL, 'CLOSED', '-3826.1297593606055', '2026-01-09 22:52:23.347081', '2026-01-13 02:52:23.347081', '2026-01-16 12:52:23.347081');
INSERT INTO trades (id, account_id, user_id, symbol, side, quantity, price, trade_type, amount, entry_price, exit_price, stop_loss, take_profit, commission, swap, notes, status, pnl, timestamp, created_at, closed_at) VALUES ('3', '1', '1', 'BTC-USD', 'BUY', '1.7104069044552588', '37539.3562560355', 'BUY', '0.0', '28412.283569190993', '48625.67975503038', NULL, NULL, '0.0', '0.0', NULL, 'CLOSED', '-3082.1889919511773', '2026-01-15 17:52:23.348081', '2026-01-10 12:52:23.348081', '2026-01-16 12:52:23.348081');
INSERT INTO trades (id, account_id, user_id, symbol, side, quantity, price, trade_type, amount, entry_price, exit_price, stop_loss, take_profit, commission, swap, notes, status, pnl, timestamp, created_at, closed_at) VALUES ('4', '1', '1', 'BTC-USD', 'BUY', '1.1220611977412074', '48394.08173242839', 'BUY', '0.0', '3554.83987212074', '22838.95634957668', NULL, NULL, '0.0', '0.0', NULL, 'CLOSED', '4741.220541303521', '2026-01-12 19:52:23.348081', '2026-01-14 02:52:23.348081', '2026-01-16 12:52:23.348081');
INSERT INTO trades (id, account_id, user_id, symbol, side, quantity, price, trade_type, amount, entry_price, exit_price, stop_loss, take_profit, commission, swap, notes, status, pnl, timestamp, created_at, closed_at) VALUES ('5', '1', '1', 'EUR-USD', 'SELL', '1.6871934960905977', '40739.57379034559', 'SELL', '0.0', '4891.618316228768', '26904.74005712946', NULL, NULL, '0.0', '0.0', NULL, 'CLOSED', '9550.014641043661', '2026-01-13 06:52:23.348081', '2026-01-15 23:52:23.348081', '2026-01-16 12:52:23.348081');
INSERT INTO trades (id, account_id, user_id, symbol, side, quantity, price, trade_type, amount, entry_price, exit_price, stop_loss, take_profit, commission, swap, notes, status, pnl, timestamp, created_at, closed_at) VALUES ('6', '1', '1', 'BTC-USD', 'SELL', '0.690734463867586', '18710.65126868032', 'SELL', '0.0', '18022.16489283074', '1114.8546232788221', NULL, NULL, '0.0', '0.0', NULL, 'CLOSED', '-2592.9296270929676', '2026-01-10 09:52:23.348081', '2026-01-11 15:52:23.348081', '2026-01-16 12:52:23.348081');
INSERT INTO trades (id, account_id, user_id, symbol, side, quantity, price, trade_type, amount, entry_price, exit_price, stop_loss, take_profit, commission, swap, notes, status, pnl, timestamp, created_at, closed_at) VALUES ('7', '1', '1', 'AAPL', 'BUY', '0.29626698593284484', '7771.990529400956', 'BUY', '0.0', '47203.956662546996', '40962.8539944743', NULL, NULL, '0.0', '0.0', NULL, 'CLOSED', '-4062.3183979702926', '2026-01-14 02:52:23.348081', '2026-01-15 02:52:23.348081', '2026-01-16 12:52:23.348081');
INSERT INTO trades (id, account_id, user_id, symbol, side, quantity, price, trade_type, amount, entry_price, exit_price, stop_loss, take_profit, commission, swap, notes, status, pnl, timestamp, created_at, closed_at) VALUES ('8', '2', '2', 'IAM.MA', 'BUY', '0.9598146811016153', '22586.39188589386', 'BUY', '0.0', '42644.1849400051', '31147.49175453039', NULL, NULL, '0.0', '0.0', NULL, 'CLOSED', '1410.9763425410085', '2026-01-10 23:52:23.410045', '2026-01-11 08:52:23.410045', '2026-01-16 12:52:23.410045');
INSERT INTO trades (id, account_id, user_id, symbol, side, quantity, price, trade_type, amount, entry_price, exit_price, stop_loss, take_profit, commission, swap, notes, status, pnl, timestamp, created_at, closed_at) VALUES ('9', '2', '2', 'TSLA', 'SELL', '0.5133447635910651', '28639.111302770136', 'SELL', '0.0', '48368.96454900878', '48121.3836677267', NULL, NULL, '0.0', '0.0', NULL, 'CLOSED', '-1306.446986688534', '2026-01-16 07:52:23.411044', '2026-01-15 00:52:23.411044', '2026-01-16 12:52:23.411044');
INSERT INTO trades (id, account_id, user_id, symbol, side, quantity, price, trade_type, amount, entry_price, exit_price, stop_loss, take_profit, commission, swap, notes, status, pnl, timestamp, created_at, closed_at) VALUES ('10', '2', '2', 'NDX100', 'BUY', '1.7371299302345684', '37367.045297714336', 'BUY', '0.0', '13078.56451110061', '32026.45264470096', NULL, NULL, '0.0', '0.0', NULL, 'CLOSED', '-1083.383315862964', '2026-01-14 16:52:23.411044', '2026-01-11 17:52:23.411044', '2026-01-16 12:52:23.411044');
INSERT INTO trades (id, account_id, user_id, symbol, side, quantity, price, trade_type, amount, entry_price, exit_price, stop_loss, take_profit, commission, swap, notes, status, pnl, timestamp, created_at, closed_at) VALUES ('11', '2', '2', 'TSLA', 'SELL', '1.9115658569515888', '42209.4354736268', 'SELL', '0.0', '27351.229880772556', '21568.70267184745', NULL, NULL, '0.0', '0.0', NULL, 'CLOSED', '-1010.4138351712836', '2026-01-11 03:52:23.411044', '2026-01-12 03:52:23.411044', '2026-01-16 12:52:23.411044');
INSERT INTO trades (id, account_id, user_id, symbol, side, quantity, price, trade_type, amount, entry_price, exit_price, stop_loss, take_profit, commission, swap, notes, status, pnl, timestamp, created_at, closed_at) VALUES ('12', '2', '2', 'XAU-USD', 'BUY', '1.8814088217577563', '10495.437935898432', 'BUY', '0.0', '5535.243378964736', '48145.8987908012', NULL, NULL, '0.0', '0.0', NULL, 'CLOSED', '2395.5554923635245', '2026-01-09 17:52:23.411044', '2026-01-13 06:52:23.411044', '2026-01-16 12:52:23.411044');
INSERT INTO trades (id, account_id, user_id, symbol, side, quantity, price, trade_type, amount, entry_price, exit_price, stop_loss, take_profit, commission, swap, notes, status, pnl, timestamp, created_at, closed_at) VALUES ('13', '2', '2', 'NDX100', 'SELL', '1.7559856480294285', '49405.47900382216', 'SELL', '0.0', '16774.73561511515', '44073.11184313118', NULL, NULL, '0.0', '0.0', NULL, 'CLOSED', '2470.182189444999', '2026-01-10 18:52:23.412042', '2026-01-13 23:52:23.412042', '2026-01-16 12:52:23.412042');
INSERT INTO trades (id, account_id, user_id, symbol, side, quantity, price, trade_type, amount, entry_price, exit_price, stop_loss, take_profit, commission, swap, notes, status, pnl, timestamp, created_at, closed_at) VALUES ('14', '2', '2', 'ATW.MA', 'BUY', '0.14639192537631912', '2340.5024739399764', 'BUY', '0.0', '15094.604644338287', '44015.41893324587', NULL, NULL, '0.0', '0.0', NULL, 'CLOSED', '2110.9610606960628', '2026-01-15 22:52:23.412042', '2026-01-13 08:52:23.412042', '2026-01-16 12:52:23.412042');
INSERT INTO trades (id, account_id, user_id, symbol, side, quantity, price, trade_type, amount, entry_price, exit_price, stop_loss, take_profit, commission, swap, notes, status, pnl, timestamp, created_at, closed_at) VALUES ('15', '2', '2', 'IAM.MA', 'SELL', '1.1225357761363308', '4032.280720392531', 'SELL', '0.0', '16570.420020065623', '5572.791924048309', NULL, NULL, '0.0', '0.0', NULL, 'CLOSED', '1808.5644603634216', '2026-01-12 10:52:23.412042', '2026-01-11 07:52:23.412042', '2026-01-16 12:52:23.412042');
INSERT INTO trades (id, account_id, user_id, symbol, side, quantity, price, trade_type, amount, entry_price, exit_price, stop_loss, take_profit, commission, swap, notes, status, pnl, timestamp, created_at, closed_at) VALUES ('16', '3', '3', 'XAU-USD', 'SELL', '0.8797014629838003', '41712.320317049394', 'SELL', '0.0', '45787.83146392752', '28445.881026159263', NULL, NULL, '0.0', '0.0', NULL, 'CLOSED', '-433.70621261984286', '2026-01-12 06:52:23.501992', '2026-01-14 18:52:23.501992', '2026-01-16 12:52:23.501992');
INSERT INTO trades (id, account_id, user_id, symbol, side, quantity, price, trade_type, amount, entry_price, exit_price, stop_loss, take_profit, commission, swap, notes, status, pnl, timestamp, created_at, closed_at) VALUES ('17', '3', '3', 'TSLA', 'SELL', '0.8262874114181246', '43858.66933037565', 'SELL', '0.0', '45509.0732014108', '32187.601716502097', NULL, NULL, '0.0', '0.0', NULL, 'CLOSED', '-553.1661343062365', '2026-01-12 04:52:23.502991', '2026-01-11 22:52:23.502991', '2026-01-16 12:52:23.502991');
INSERT INTO trades (id, account_id, user_id, symbol, side, quantity, price, trade_type, amount, entry_price, exit_price, stop_loss, take_profit, commission, swap, notes, status, pnl, timestamp, created_at, closed_at) VALUES ('18', '3', '3', 'ATW.MA', 'BUY', '0.42766729445847573', '20988.547407516053', 'BUY', '0.0', '20701.505843972893', '20394.85002104473', NULL, NULL, '0.0', '0.0', NULL, 'CLOSED', '-292.53277269879015', '2026-01-10 17:52:23.503992', '2026-01-12 03:52:23.503992', '2026-01-16 12:52:23.503992');
INSERT INTO trades (id, account_id, user_id, symbol, side, quantity, price, trade_type, amount, entry_price, exit_price, stop_loss, take_profit, commission, swap, notes, status, pnl, timestamp, created_at, closed_at) VALUES ('19', '3', '3', 'BTC-USD', 'BUY', '0.33993740570592273', '28868.26990136135', 'BUY', '0.0', '13340.127679161465', '19936.349473495626', NULL, NULL, '0.0', '0.0', NULL, 'CLOSED', '125.39067523010297', '2026-01-13 05:52:23.506002', '2026-01-13 20:52:23.506002', '2026-01-16 12:52:23.506002');
INSERT INTO trades (id, account_id, user_id, symbol, side, quantity, price, trade_type, amount, entry_price, exit_price, stop_loss, take_profit, commission, swap, notes, status, pnl, timestamp, created_at, closed_at) VALUES ('20', '3', '3', 'ATW.MA', 'BUY', '1.4993902447634933', '40474.241115639525', 'BUY', '0.0', '47766.35058734506', '11264.703071016012', NULL, NULL, '0.0', '0.0', NULL, 'CLOSED', '-292.55126414209997', '2026-01-12 12:52:23.506002', '2026-01-16 11:52:23.506002', '2026-01-16 12:52:23.506002');
INSERT INTO trades (id, account_id, user_id, symbol, side, quantity, price, trade_type, amount, entry_price, exit_price, stop_loss, take_profit, commission, swap, notes, status, pnl, timestamp, created_at, closed_at) VALUES ('21', '3', '3', 'EUR-USD', 'BUY', '0.8862199403697203', '39351.0134786656', 'BUY', '0.0', '19560.725737970166', '22443.006657700244', NULL, NULL, '0.0', '0.0', NULL, 'CLOSED', '-314.545749966346', '2026-01-15 15:52:23.506002', '2026-01-15 02:52:23.506002', '2026-01-16 12:52:23.506002');
INSERT INTO trades (id, account_id, user_id, symbol, side, quantity, price, trade_type, amount, entry_price, exit_price, stop_loss, take_profit, commission, swap, notes, status, pnl, timestamp, created_at, closed_at) VALUES ('22', '3', '3', 'XAU-USD', 'BUY', '0.25815942226704125', '7522.044825642752', 'BUY', '0.0', '39391.3228635344', '31351.118885691536', NULL, NULL, '0.0', '0.0', NULL, 'CLOSED', '-467.93780189125374', '2026-01-13 23:52:23.506989', '2026-01-13 21:52:23.506989', '2026-01-16 12:52:23.506989');
INSERT INTO trades (id, account_id, user_id, symbol, side, quantity, price, trade_type, amount, entry_price, exit_price, stop_loss, take_profit, commission, swap, notes, status, pnl, timestamp, created_at, closed_at) VALUES ('23', '3', '3', 'GBP-JPY', 'SELL', '1.8824138278596876', '2532.9588866876356', 'SELL', '0.0', '21193.275248868216', '14716.915457131676', NULL, NULL, '0.0', '0.0', NULL, 'CLOSED', '101.78259870676287', '2026-01-15 08:52:23.506989', '2026-01-15 08:52:23.506989', '2026-01-16 12:52:23.506989');
INSERT INTO trades (id, account_id, user_id, symbol, side, quantity, price, trade_type, amount, entry_price, exit_price, stop_loss, take_profit, commission, swap, notes, status, pnl, timestamp, created_at, closed_at) VALUES ('24', '3', '3', 'EUR-USD', 'BUY', '1.2435471492888952', '6485.830690163591', 'BUY', '0.0', '29903.083688031948', '17849.30955366657', NULL, NULL, '0.0', '0.0', NULL, 'CLOSED', '-315.2149568876821', '2026-01-10 10:52:23.506989', '2026-01-15 21:52:23.506989', '2026-01-16 12:52:23.506989');
INSERT INTO trades (id, account_id, user_id, symbol, side, quantity, price, trade_type, amount, entry_price, exit_price, stop_loss, take_profit, commission, swap, notes, status, pnl, timestamp, created_at, closed_at) VALUES ('25', '3', '3', 'ATW.MA', 'BUY', '1.6792352175302308', '23169.543028717442', 'BUY', '0.0', '16010.374473522183', '12077.030863477841', NULL, NULL, '0.0', '0.0', NULL, 'CLOSED', '52.91824858565924', '2026-01-13 12:52:23.506989', '2026-01-12 13:52:23.506989', '2026-01-16 12:52:23.506989');
INSERT INTO trades (id, account_id, user_id, symbol, side, quantity, price, trade_type, amount, entry_price, exit_price, stop_loss, take_profit, commission, swap, notes, status, pnl, timestamp, created_at, closed_at) VALUES ('26', '3', '3', 'ATW.MA', 'BUY', '1.646975682401063', '37571.633641153516', 'BUY', '0.0', '29191.03735223847', '35291.024045773105', NULL, NULL, '0.0', '0.0', NULL, 'CLOSED', '-232.1094286121664', '2026-01-11 10:52:23.506989', '2026-01-15 05:52:23.506989', '2026-01-16 12:52:23.506989');
INSERT INTO trades (id, account_id, user_id, symbol, side, quantity, price, trade_type, amount, entry_price, exit_price, stop_loss, take_profit, commission, swap, notes, status, pnl, timestamp, created_at, closed_at) VALUES ('27', '3', '3', 'ETH-USD', 'BUY', '1.7932208728237462', '1609.539262081116', 'BUY', '0.0', '18938.020172645283', '20253.948147896077', NULL, NULL, '0.0', '0.0', NULL, 'CLOSED', '-293.8684303271468', '2026-01-15 13:52:23.506989', '2026-01-15 12:52:23.506989', '2026-01-16 12:52:23.506989');
INSERT INTO trades (id, account_id, user_id, symbol, side, quantity, price, trade_type, amount, entry_price, exit_price, stop_loss, take_profit, commission, swap, notes, status, pnl, timestamp, created_at, closed_at) VALUES ('28', '3', '3', 'GBP-JPY', 'BUY', '1.5313140105296577', '27343.05169112237', 'BUY', '0.0', '12565.076421877946', '6060.374052880542', NULL, NULL, '0.0', '0.0', NULL, 'CLOSED', '-182.85152418824435', '2026-01-10 17:52:23.507988', '2026-01-10 11:52:23.507988', '2026-01-16 12:52:23.507988');
INSERT INTO trades (id, account_id, user_id, symbol, side, quantity, price, trade_type, amount, entry_price, exit_price, stop_loss, take_profit, commission, swap, notes, status, pnl, timestamp, created_at, closed_at) VALUES ('29', '3', '3', 'TSLA', 'BUY', '0.9671324727764109', '9560.291839113446', 'BUY', '0.0', '24549.25199383307', '14525.20932993147', NULL, NULL, '0.0', '0.0', NULL, 'CLOSED', '123.58361354564191', '2026-01-13 18:52:23.507988', '2026-01-10 09:52:23.507988', '2026-01-16 12:52:23.507988');
INSERT INTO trades (id, account_id, user_id, symbol, side, quantity, price, trade_type, amount, entry_price, exit_price, stop_loss, take_profit, commission, swap, notes, status, pnl, timestamp, created_at, closed_at) VALUES ('30', '4', '4', 'IAM.MA', 'BUY', '0.5287857339928199', '42188.92916006091', 'BUY', '0.0', '49415.87724987948', '28368.129764569556', NULL, NULL, '0.0', '0.0', NULL, 'CLOSED', '968.9374708301165', '2026-01-16 00:52:23.642911', '2026-01-15 21:52:23.642911', '2026-01-16 12:52:23.642911');
INSERT INTO trades (id, account_id, user_id, symbol, side, quantity, price, trade_type, amount, entry_price, exit_price, stop_loss, take_profit, commission, swap, notes, status, pnl, timestamp, created_at, closed_at) VALUES ('31', '4', '4', 'ETH-USD', 'BUY', '0.6376455101287836', '17101.35765463689', 'BUY', '0.0', '20473.583712079635', '2822.7555222800206', NULL, NULL, '0.0', '0.0', NULL, 'CLOSED', '1692.1354931551723', '2026-01-09 14:52:23.642911', '2026-01-14 09:52:23.642911', '2026-01-16 12:52:23.642911');
INSERT INTO trades (id, account_id, user_id, symbol, side, quantity, price, trade_type, amount, entry_price, exit_price, stop_loss, take_profit, commission, swap, notes, status, pnl, timestamp, created_at, closed_at) VALUES ('32', '4', '4', 'XAU-USD', 'BUY', '1.8022973845843813', '19711.101356721912', 'BUY', '0.0', '15946.253498833026', '32416.780093672867', NULL, NULL, '0.0', '0.0', NULL, 'CLOSED', '-872.0805277117668', '2026-01-12 11:52:23.642911', '2026-01-11 03:52:23.642911', '2026-01-16 12:52:23.642911');
INSERT INTO trades (id, account_id, user_id, symbol, side, quantity, price, trade_type, amount, entry_price, exit_price, stop_loss, take_profit, commission, swap, notes, status, pnl, timestamp, created_at, closed_at) VALUES ('33', '4', '4', 'NDX100', 'SELL', '0.6276575078170386', '45373.429109321725', 'SELL', '0.0', '29282.66325233826', '4020.9115072764134', NULL, NULL, '0.0', '0.0', NULL, 'CLOSED', '-986.4467191028605', '2026-01-09 21:52:23.642911', '2026-01-14 16:52:23.642911', '2026-01-16 12:52:23.642911');
INSERT INTO trades (id, account_id, user_id, symbol, side, quantity, price, trade_type, amount, entry_price, exit_price, stop_loss, take_profit, commission, swap, notes, status, pnl, timestamp, created_at, closed_at) VALUES ('34', '4', '4', 'BTC-USD', 'SELL', '1.5399289797244924', '1475.077947384278', 'SELL', '0.0', '43449.403254940094', '43380.073111363956', NULL, NULL, '0.0', '0.0', NULL, 'CLOSED', '943.6926787825137', '2026-01-11 09:52:23.643911', '2026-01-13 03:52:23.643911', '2026-01-16 12:52:23.643911');
INSERT INTO trades (id, account_id, user_id, symbol, side, quantity, price, trade_type, amount, entry_price, exit_price, stop_loss, take_profit, commission, swap, notes, status, pnl, timestamp, created_at, closed_at) VALUES ('35', '4', '4', 'XAU-USD', 'SELL', '0.5918461832035596', '11181.31755615385', 'SELL', '0.0', '1316.839713159334', '13812.804590339094', NULL, NULL, '0.0', '0.0', NULL, 'CLOSED', '-800.6784525115261', '2026-01-16 05:52:23.643911', '2026-01-14 22:52:23.643911', '2026-01-16 12:52:23.643911');
INSERT INTO trades (id, account_id, user_id, symbol, side, quantity, price, trade_type, amount, entry_price, exit_price, stop_loss, take_profit, commission, swap, notes, status, pnl, timestamp, created_at, closed_at) VALUES ('36', '4', '4', 'TSLA', 'BUY', '1.4492296885979339', '33692.143708945274', 'BUY', '0.0', '22258.4595217743', '9024.948201561681', NULL, NULL, '0.0', '0.0', NULL, 'CLOSED', '-1006.6769616609852', '2026-01-16 11:52:23.643911', '2026-01-16 02:52:23.643911', '2026-01-16 12:52:23.643911');
INSERT INTO trades (id, account_id, user_id, symbol, side, quantity, price, trade_type, amount, entry_price, exit_price, stop_loss, take_profit, commission, swap, notes, status, pnl, timestamp, created_at, closed_at) VALUES ('37', '4', '4', 'IAM.MA', 'BUY', '1.418921761458663', '24936.420146718327', 'BUY', '0.0', '13543.764966417904', '20707.37528586561', NULL, NULL, '0.0', '0.0', NULL, 'CLOSED', '1056.6291869418228', '2026-01-12 15:52:23.643911', '2026-01-09 21:52:23.643911', '2026-01-16 12:52:23.643911');
INSERT INTO trades (id, account_id, user_id, symbol, side, quantity, price, trade_type, amount, entry_price, exit_price, stop_loss, take_profit, commission, swap, notes, status, pnl, timestamp, created_at, closed_at) VALUES ('38', '4', '4', 'IAM.MA', 'BUY', '1.3683856486001933', '13044.600057056232', 'BUY', '0.0', '41304.04471070352', '35934.853312370265', NULL, NULL, '0.0', '0.0', NULL, 'CLOSED', '608.6659243308239', '2026-01-10 15:52:23.643911', '2026-01-11 20:52:23.643911', '2026-01-16 12:52:23.643911');
INSERT INTO trades (id, account_id, user_id, symbol, side, quantity, price, trade_type, amount, entry_price, exit_price, stop_loss, take_profit, commission, swap, notes, status, pnl, timestamp, created_at, closed_at) VALUES ('39', '4', '4', 'AAPL', 'SELL', '1.1545133873531808', '11298.953226265006', 'SELL', '0.0', '46894.42101600823', '44920.79687427521', NULL, NULL, '0.0', '0.0', NULL, 'CLOSED', '1924.0110313411471', '2026-01-12 08:52:23.643911', '2026-01-14 08:52:23.643911', '2026-01-16 12:52:23.643911');
INSERT INTO trades (id, account_id, user_id, symbol, side, quantity, price, trade_type, amount, entry_price, exit_price, stop_loss, take_profit, commission, swap, notes, status, pnl, timestamp, created_at, closed_at) VALUES ('40', '4', '4', 'GBP-JPY', 'BUY', '1.3042803757028931', '7196.899314279113', 'BUY', '0.0', '19704.770094564625', '18745.0073660158', NULL, NULL, '0.0', '0.0', NULL, 'CLOSED', '2321.318202542551', '2026-01-10 02:52:23.644909', '2026-01-13 03:52:23.644909', '2026-01-16 12:52:23.644909');
INSERT INTO trades (id, account_id, user_id, symbol, side, quantity, price, trade_type, amount, entry_price, exit_price, stop_loss, take_profit, commission, swap, notes, status, pnl, timestamp, created_at, closed_at) VALUES ('41', '4', '4', 'BTC-USD', 'SELL', '0.8856951839255144', '8294.804388735825', 'SELL', '0.0', '43276.64540364117', '21487.57101014868', NULL, NULL, '0.0', '0.0', NULL, 'CLOSED', '1063.542951136151', '2026-01-11 11:52:23.644909', '2026-01-10 02:52:23.644909', '2026-01-16 12:52:23.644909');
INSERT INTO trades (id, account_id, user_id, symbol, side, quantity, price, trade_type, amount, entry_price, exit_price, stop_loss, take_profit, commission, swap, notes, status, pnl, timestamp, created_at, closed_at) VALUES ('42', '5', '5', 'IAM.MA', 'SELL', '0.44985878267975254', '27609.341779159357', 'SELL', '0.0', '46806.573686932825', '2961.3371183207505', NULL, NULL, '0.0', '0.0', NULL, 'CLOSED', '1736.0847133610077', '2026-01-15 20:52:23.695881', '2026-01-12 09:52:23.695881', '2026-01-16 12:52:23.695881');
INSERT INTO trades (id, account_id, user_id, symbol, side, quantity, price, trade_type, amount, entry_price, exit_price, stop_loss, take_profit, commission, swap, notes, status, pnl, timestamp, created_at, closed_at) VALUES ('43', '5', '5', 'TSLA', 'BUY', '0.11238555870596817', '11816.668783050654', 'BUY', '0.0', '42095.262416033576', '14555.647474653248', NULL, NULL, '0.0', '0.0', NULL, 'CLOSED', '1332.7154963434787', '2026-01-12 15:52:23.695881', '2026-01-09 16:52:23.695881', '2026-01-16 12:52:23.695881');
INSERT INTO trades (id, account_id, user_id, symbol, side, quantity, price, trade_type, amount, entry_price, exit_price, stop_loss, take_profit, commission, swap, notes, status, pnl, timestamp, created_at, closed_at) VALUES ('44', '5', '5', 'ETH-USD', 'SELL', '0.8004332497134029', '49285.09527691369', 'SELL', '0.0', '4657.786358197786', '26062.243747096178', NULL, NULL, '0.0', '0.0', NULL, 'CLOSED', '8902.071483556329', '2026-01-13 19:52:23.695881', '2026-01-16 11:52:23.695881', '2026-01-16 12:52:23.695881');
INSERT INTO trades (id, account_id, user_id, symbol, side, quantity, price, trade_type, amount, entry_price, exit_price, stop_loss, take_profit, commission, swap, notes, status, pnl, timestamp, created_at, closed_at) VALUES ('45', '5', '5', 'GBP-JPY', 'BUY', '1.7005073833978968', '25552.541930738804', 'BUY', '0.0', '5300.134228587932', '1007.511808699093', NULL, NULL, '0.0', '0.0', NULL, 'CLOSED', '2971.5173271971107', '2026-01-16 12:52:23.696880', '2026-01-11 10:52:23.696880', '2026-01-16 12:52:23.696880');
INSERT INTO trades (id, account_id, user_id, symbol, side, quantity, price, trade_type, amount, entry_price, exit_price, stop_loss, take_profit, commission, swap, notes, status, pnl, timestamp, created_at, closed_at) VALUES ('46', '5', '5', 'TSLA', 'BUY', '0.43244385282572795', '1871.6063456190368', 'BUY', '0.0', '10531.771571435653', '23615.335766579035', NULL, NULL, '0.0', '0.0', NULL, 'CLOSED', '9455.535166781916', '2026-01-16 06:52:23.696880', '2026-01-10 03:52:23.696880', '2026-01-16 12:52:23.696880');
INSERT INTO trades (id, account_id, user_id, symbol, side, quantity, price, trade_type, amount, entry_price, exit_price, stop_loss, take_profit, commission, swap, notes, status, pnl, timestamp, created_at, closed_at) VALUES ('47', '5', '5', 'ETH-USD', 'BUY', '0.1387386001737786', '4645.383438235301', 'BUY', '0.0', '4774.4828748688005', '39589.745321858485', NULL, NULL, '0.0', '0.0', NULL, 'CLOSED', '8095.385454429997', '2026-01-11 19:52:23.696880', '2026-01-15 11:52:23.696880', '2026-01-16 12:52:23.696880');
INSERT INTO trades (id, account_id, user_id, symbol, side, quantity, price, trade_type, amount, entry_price, exit_price, stop_loss, take_profit, commission, swap, notes, status, pnl, timestamp, created_at, closed_at) VALUES ('48', '6', '6', 'EUR-USD', 'SELL', '1.8591162700067987', '24388.365946679907', 'SELL', '0.0', '7050.88383487105', '2802.309315075022', NULL, NULL, '0.0', '0.0', NULL, 'CLOSED', '-142.27623286379568', '2026-01-15 03:52:23.745852', '2026-01-14 12:52:23.745852', '2026-01-16 12:52:23.745852');
INSERT INTO trades (id, account_id, user_id, symbol, side, quantity, price, trade_type, amount, entry_price, exit_price, stop_loss, take_profit, commission, swap, notes, status, pnl, timestamp, created_at, closed_at) VALUES ('49', '6', '6', 'ATW.MA', 'SELL', '0.38169283770766627', '4564.111961708034', 'SELL', '0.0', '44629.46739790785', '45636.00248919728', NULL, NULL, '0.0', '0.0', NULL, 'CLOSED', '481.157609391348', '2026-01-11 18:52:23.745852', '2026-01-10 11:52:23.745852', '2026-01-16 12:52:23.745852');
INSERT INTO trades (id, account_id, user_id, symbol, side, quantity, price, trade_type, amount, entry_price, exit_price, stop_loss, take_profit, commission, swap, notes, status, pnl, timestamp, created_at, closed_at) VALUES ('50', '6', '6', 'AAPL', 'BUY', '0.31894026007998655', '1700.0865181243153', 'BUY', '0.0', '40807.51909924816', '21249.970735666913', NULL, NULL, '0.0', '0.0', NULL, 'CLOSED', '173.48380651560694', '2026-01-13 02:52:23.745852', '2026-01-11 16:52:23.745852', '2026-01-16 12:52:23.745852');
INSERT INTO trades (id, account_id, user_id, symbol, side, quantity, price, trade_type, amount, entry_price, exit_price, stop_loss, take_profit, commission, swap, notes, status, pnl, timestamp, created_at, closed_at) VALUES ('51', '6', '6', 'GBP-JPY', 'SELL', '1.3043680126494968', '21210.564443132553', 'SELL', '0.0', '22769.3508589118', '29228.176993820838', NULL, NULL, '0.0', '0.0', NULL, 'CLOSED', '428.09865029210545', '2026-01-15 20:52:23.745852', '2026-01-11 19:52:23.745852', '2026-01-16 12:52:23.745852');
INSERT INTO trades (id, account_id, user_id, symbol, side, quantity, price, trade_type, amount, entry_price, exit_price, stop_loss, take_profit, commission, swap, notes, status, pnl, timestamp, created_at, closed_at) VALUES ('52', '6', '6', 'IAM.MA', 'SELL', '1.2609258684017957', '35124.892997173156', 'SELL', '0.0', '38846.51724490154', '21742.200420813464', NULL, NULL, '0.0', '0.0', NULL, 'CLOSED', '-297.5765551441859', '2026-01-13 09:52:23.745852', '2026-01-15 23:52:23.745852', '2026-01-16 12:52:23.745852');
INSERT INTO trades (id, account_id, user_id, symbol, side, quantity, price, trade_type, amount, entry_price, exit_price, stop_loss, take_profit, commission, swap, notes, status, pnl, timestamp, created_at, closed_at) VALUES ('53', '6', '6', 'IAM.MA', 'BUY', '0.20081770896614975', '42680.599336789135', 'BUY', '0.0', '425.7959936570767', '32086.489762590936', NULL, NULL, '0.0', '0.0', NULL, 'CLOSED', '119.92673151150888', '2026-01-13 16:52:23.746850', '2026-01-13 18:52:23.746850', '2026-01-16 12:52:23.746850');
INSERT INTO trades (id, account_id, user_id, symbol, side, quantity, price, trade_type, amount, entry_price, exit_price, stop_loss, take_profit, commission, swap, notes, status, pnl, timestamp, created_at, closed_at) VALUES ('54', '6', '6', 'AAPL', 'SELL', '0.6578482220590701', '38539.13774732716', 'SELL', '0.0', '43347.644911326955', '46290.73649846117', NULL, NULL, '0.0', '0.0', NULL, 'CLOSED', '245.50562839584512', '2026-01-10 19:52:23.746850', '2026-01-13 12:52:23.746850', '2026-01-16 12:52:23.746850');
INSERT INTO trades (id, account_id, user_id, symbol, side, quantity, price, trade_type, amount, entry_price, exit_price, stop_loss, take_profit, commission, swap, notes, status, pnl, timestamp, created_at, closed_at) VALUES ('55', '6', '6', 'TSLA', 'SELL', '1.872552853750996', '12387.365476847934', 'SELL', '0.0', '37852.51575094957', '2800.299258635502', NULL, NULL, '0.0', '0.0', NULL, 'CLOSED', '98.51321235376145', '2026-01-13 12:52:23.746850', '2026-01-10 18:52:23.746850', '2026-01-16 12:52:23.746850');
INSERT INTO trades (id, account_id, user_id, symbol, side, quantity, price, trade_type, amount, entry_price, exit_price, stop_loss, take_profit, commission, swap, notes, status, pnl, timestamp, created_at, closed_at) VALUES ('56', '6', '6', 'IAM.MA', 'BUY', '1.698299114096442', '33654.342755736776', 'BUY', '0.0', '13069.892888102704', '17913.573865522234', NULL, NULL, '0.0', '0.0', NULL, 'CLOSED', '133.88594985683807', '2026-01-11 08:52:23.746850', '2026-01-12 02:52:23.746850', '2026-01-16 12:52:23.746850');
INSERT INTO trades (id, account_id, user_id, symbol, side, quantity, price, trade_type, amount, entry_price, exit_price, stop_loss, take_profit, commission, swap, notes, status, pnl, timestamp, created_at, closed_at) VALUES ('57', '6', '6', 'TSLA', 'SELL', '1.5269408723001432', '12109.234002496592', 'SELL', '0.0', '10891.061522767353', '7444.889684146802', NULL, NULL, '0.0', '0.0', NULL, 'CLOSED', '129.78480517986443', '2026-01-12 18:52:23.746850', '2026-01-15 01:52:23.746850', '2026-01-16 12:52:23.746850');
INSERT INTO trades (id, account_id, user_id, symbol, side, quantity, price, trade_type, amount, entry_price, exit_price, stop_loss, take_profit, commission, swap, notes, status, pnl, timestamp, created_at, closed_at) VALUES ('58', '7', '7', 'IAM.MA', 'BUY', '0.3271235108170878', '46645.542129742906', 'BUY', '0.0', '27701.50379968502', '26617.24906034929', NULL, NULL, '0.0', '0.0', NULL, 'CLOSED', '790.3211824553155', '2026-01-10 01:52:23.918456', '2026-01-15 19:52:23.918456', '2026-01-16 12:52:23.918456');
INSERT INTO trades (id, account_id, user_id, symbol, side, quantity, price, trade_type, amount, entry_price, exit_price, stop_loss, take_profit, commission, swap, notes, status, pnl, timestamp, created_at, closed_at) VALUES ('59', '7', '7', 'XAU-USD', 'SELL', '1.3486309561225038', '17305.387522726895', 'SELL', '0.0', '24725.36788729058', '9629.34175147572', NULL, NULL, '0.0', '0.0', NULL, 'CLOSED', '2367.107567705995', '2026-01-11 05:52:23.918456', '2026-01-12 04:52:23.918456', '2026-01-16 12:52:23.918456');
INSERT INTO trades (id, account_id, user_id, symbol, side, quantity, price, trade_type, amount, entry_price, exit_price, stop_loss, take_profit, commission, swap, notes, status, pnl, timestamp, created_at, closed_at) VALUES ('60', '7', '7', 'IAM.MA', 'BUY', '1.2643098195181086', '4768.654410523237', 'BUY', '0.0', '42173.06871247196', '9572.166824485961', NULL, NULL, '0.0', '0.0', NULL, 'CLOSED', '1716.025709907832', '2026-01-09 15:52:23.918456', '2026-01-12 16:52:23.918456', '2026-01-16 12:52:23.918456');
INSERT INTO trades (id, account_id, user_id, symbol, side, quantity, price, trade_type, amount, entry_price, exit_price, stop_loss, take_profit, commission, swap, notes, status, pnl, timestamp, created_at, closed_at) VALUES ('61', '7', '7', 'AAPL', 'BUY', '1.922397393750483', '818.3352482999421', 'BUY', '0.0', '39351.99068705758', '24941.100517652994', NULL, NULL, '0.0', '0.0', NULL, 'CLOSED', '1950.8227650049528', '2026-01-12 17:52:23.918456', '2026-01-15 15:52:23.918456', '2026-01-16 12:52:23.918456');
INSERT INTO trades (id, account_id, user_id, symbol, side, quantity, price, trade_type, amount, entry_price, exit_price, stop_loss, take_profit, commission, swap, notes, status, pnl, timestamp, created_at, closed_at) VALUES ('62', '7', '7', 'BTC-USD', 'BUY', '1.6756490707859815', '48925.46369670999', 'BUY', '0.0', '38003.94316758007', '25480.47301396067', NULL, NULL, '0.0', '0.0', NULL, 'CLOSED', '1752.71030026425', '2026-01-15 17:52:23.918456', '2026-01-11 13:52:23.918456', '2026-01-16 12:52:23.918456');
INSERT INTO trades (id, account_id, user_id, symbol, side, quantity, price, trade_type, amount, entry_price, exit_price, stop_loss, take_profit, commission, swap, notes, status, pnl, timestamp, created_at, closed_at) VALUES ('63', '7', '7', 'IAM.MA', 'BUY', '1.5665662182973987', '43895.52927532173', 'BUY', '0.0', '31170.335643815015', '41442.59653896089', NULL, NULL, '0.0', '0.0', NULL, 'CLOSED', '1741.0064181906657', '2026-01-11 16:52:23.919457', '2026-01-16 02:52:23.919457', '2026-01-16 12:52:23.919457');
INSERT INTO trades (id, account_id, user_id, symbol, side, quantity, price, trade_type, amount, entry_price, exit_price, stop_loss, take_profit, commission, swap, notes, status, pnl, timestamp, created_at, closed_at) VALUES ('64', '7', '7', 'ATW.MA', 'BUY', '1.271838191499902', '47664.81370468633', 'BUY', '0.0', '49318.72247723027', '39063.110206569356', NULL, NULL, '0.0', '0.0', NULL, 'CLOSED', '2463.0407372332497', '2026-01-15 00:52:23.919457', '2026-01-12 07:52:23.919457', '2026-01-16 12:52:23.919457');
INSERT INTO trades (id, account_id, user_id, symbol, side, quantity, price, trade_type, amount, entry_price, exit_price, stop_loss, take_profit, commission, swap, notes, status, pnl, timestamp, created_at, closed_at) VALUES ('65', '7', '7', 'GBP-JPY', 'BUY', '0.44271671422168757', '24605.93484398014', 'BUY', '0.0', '11892.52528736765', '6250.309819204589', NULL, NULL, '0.0', '0.0', NULL, 'CLOSED', '1698.516169792376', '2026-01-16 00:52:23.919457', '2026-01-10 08:52:23.919457', '2026-01-16 12:52:23.919457');
INSERT INTO trades (id, account_id, user_id, symbol, side, quantity, price, trade_type, amount, entry_price, exit_price, stop_loss, take_profit, commission, swap, notes, status, pnl, timestamp, created_at, closed_at) VALUES ('66', '7', '7', 'TSLA', 'BUY', '1.196687981708974', '26400.12728318497', 'BUY', '0.0', '2782.001233223043', '24357.615729469002', NULL, NULL, '0.0', '0.0', NULL, 'CLOSED', '1807.5199296203696', '2026-01-13 19:52:23.919457', '2026-01-15 00:52:23.919457', '2026-01-16 12:52:23.919457');
INSERT INTO trades (id, account_id, user_id, symbol, side, quantity, price, trade_type, amount, entry_price, exit_price, stop_loss, take_profit, commission, swap, notes, status, pnl, timestamp, created_at, closed_at) VALUES ('67', '7', '7', 'TSLA', 'BUY', '1.8177045666504206', '37182.279374140424', 'BUY', '0.0', '11634.536424058186', '19199.821942774954', NULL, NULL, '0.0', '0.0', NULL, 'CLOSED', '1969.7088773328335', '2026-01-10 21:52:23.919457', '2026-01-16 03:52:23.919457', '2026-01-16 12:52:23.919457');
INSERT INTO trades (id, account_id, user_id, symbol, side, quantity, price, trade_type, amount, entry_price, exit_price, stop_loss, take_profit, commission, swap, notes, status, pnl, timestamp, created_at, closed_at) VALUES ('68', '7', '7', 'GBP-JPY', 'SELL', '1.616637778028475', '40816.1007825406', 'SELL', '0.0', '9171.509622410947', '43696.61960288287', NULL, NULL, '0.0', '0.0', NULL, 'CLOSED', '2252.802147631818', '2026-01-10 10:52:23.919457', '2026-01-11 18:52:23.919457', '2026-01-16 12:52:23.919457');
INSERT INTO trades (id, account_id, user_id, symbol, side, quantity, price, trade_type, amount, entry_price, exit_price, stop_loss, take_profit, commission, swap, notes, status, pnl, timestamp, created_at, closed_at) VALUES ('69', '7', '7', 'EUR-USD', 'SELL', '1.317340342373831', '21015.210486724292', 'SELL', '0.0', '14944.49833280418', '22550.89130585344', NULL, NULL, '0.0', '0.0', NULL, 'CLOSED', '1044.1249607360626', '2026-01-13 00:52:23.919457', '2026-01-12 08:52:23.919457', '2026-01-16 12:52:23.919457');
INSERT INTO trades (id, account_id, user_id, symbol, side, quantity, price, trade_type, amount, entry_price, exit_price, stop_loss, take_profit, commission, swap, notes, status, pnl, timestamp, created_at, closed_at) VALUES ('70', '7', '7', 'GBP-JPY', 'BUY', '1.6474537436892522', '9592.839647420993', 'BUY', '0.0', '30498.61266529418', '35253.86281272414', NULL, NULL, '0.0', '0.0', NULL, 'CLOSED', '-437.7228132663882', '2026-01-14 03:52:23.919457', '2026-01-13 16:52:23.919457', '2026-01-16 12:52:23.919457');
INSERT INTO trades (id, account_id, user_id, symbol, side, quantity, price, trade_type, amount, entry_price, exit_price, stop_loss, take_profit, commission, swap, notes, status, pnl, timestamp, created_at, closed_at) VALUES ('71', '8', '8', 'EUR-USD', 'SELL', '1.858134384152705', '24855.990769198757', 'SELL', '0.0', '34461.94212303332', '15974.17954782266', NULL, NULL, '0.0', '0.0', NULL, 'CLOSED', '-263.8034939543803', '2026-01-09 20:52:24.119528', '2026-01-11 13:52:24.119528', '2026-01-16 12:52:24.119528');
INSERT INTO trades (id, account_id, user_id, symbol, side, quantity, price, trade_type, amount, entry_price, exit_price, stop_loss, take_profit, commission, swap, notes, status, pnl, timestamp, created_at, closed_at) VALUES ('72', '8', '8', 'ETH-USD', 'SELL', '0.6054422892655843', '8786.15577643976', 'SELL', '0.0', '21822.030728739588', '33917.15880828078', NULL, NULL, '0.0', '0.0', NULL, 'CLOSED', '-308.32446676019526', '2026-01-15 15:52:24.119528', '2026-01-11 02:52:24.119528', '2026-01-16 12:52:24.119528');
INSERT INTO trades (id, account_id, user_id, symbol, side, quantity, price, trade_type, amount, entry_price, exit_price, stop_loss, take_profit, commission, swap, notes, status, pnl, timestamp, created_at, closed_at) VALUES ('73', '8', '8', 'XAU-USD', 'BUY', '0.2542010766171583', '1848.9431044732676', 'BUY', '0.0', '5944.257643071454', '38324.21947962637', NULL, NULL, '0.0', '0.0', NULL, 'CLOSED', '-572.4573629145357', '2026-01-15 12:52:24.119528', '2026-01-16 07:52:24.119528', '2026-01-16 12:52:24.119528');
INSERT INTO trades (id, account_id, user_id, symbol, side, quantity, price, trade_type, amount, entry_price, exit_price, stop_loss, take_profit, commission, swap, notes, status, pnl, timestamp, created_at, closed_at) VALUES ('74', '8', '8', 'NDX100', 'BUY', '1.9588778243139822', '42110.61971352656', 'BUY', '0.0', '48062.46169347594', '26377.92582964237', NULL, NULL, '0.0', '0.0', NULL, 'CLOSED', '184.57656793067494', '2026-01-11 06:52:24.119528', '2026-01-13 06:52:24.119528', '2026-01-16 12:52:24.119528');
INSERT INTO trades (id, account_id, user_id, symbol, side, quantity, price, trade_type, amount, entry_price, exit_price, stop_loss, take_profit, commission, swap, notes, status, pnl, timestamp, created_at, closed_at) VALUES ('75', '8', '8', 'ETH-USD', 'SELL', '0.681368801893631', '40547.2942563302', 'SELL', '0.0', '22812.390079071785', '45902.35026115043', NULL, NULL, '0.0', '0.0', NULL, 'CLOSED', '88.84490746915483', '2026-01-14 10:52:24.119528', '2026-01-09 15:52:24.120528', '2026-01-16 12:52:24.120528');
INSERT INTO trades (id, account_id, user_id, symbol, side, quantity, price, trade_type, amount, entry_price, exit_price, stop_loss, take_profit, commission, swap, notes, status, pnl, timestamp, created_at, closed_at) VALUES ('76', '9', '9', 'EUR-USD', 'SELL', '1.5212166302528611', '38030.73847811126', 'SELL', '0.0', '5763.5715160415375', '12750.006608471478', NULL, NULL, '0.0', '0.0', NULL, 'CLOSED', '5509.19472756947', '2026-01-14 16:52:24.366687', '2026-01-10 08:52:24.366687', '2026-01-16 12:52:24.366687');
INSERT INTO trades (id, account_id, user_id, symbol, side, quantity, price, trade_type, amount, entry_price, exit_price, stop_loss, take_profit, commission, swap, notes, status, pnl, timestamp, created_at, closed_at) VALUES ('77', '9', '9', 'NDX100', 'BUY', '1.1139680954129845', '16849.89075744719', 'BUY', '0.0', '4512.580270729453', '36973.49342313525', NULL, NULL, '0.0', '0.0', NULL, 'CLOSED', '5019.66160974215', '2026-01-13 03:52:24.366687', '2026-01-11 08:52:24.366687', '2026-01-16 12:52:24.366687');
INSERT INTO trades (id, account_id, user_id, symbol, side, quantity, price, trade_type, amount, entry_price, exit_price, stop_loss, take_profit, commission, swap, notes, status, pnl, timestamp, created_at, closed_at) VALUES ('78', '9', '9', 'EUR-USD', 'SELL', '1.4345892873635944', '379.69828278530184', 'SELL', '0.0', '10855.135921645991', '12396.417160461066', NULL, NULL, '0.0', '0.0', NULL, 'CLOSED', '8234.140145466043', '2026-01-12 12:52:24.366687', '2026-01-15 08:52:24.366687', '2026-01-16 12:52:24.366687');
INSERT INTO trades (id, account_id, user_id, symbol, side, quantity, price, trade_type, amount, entry_price, exit_price, stop_loss, take_profit, commission, swap, notes, status, pnl, timestamp, created_at, closed_at) VALUES ('79', '9', '9', 'GBP-JPY', 'BUY', '1.7390949852097122', '15155.374817871934', 'BUY', '0.0', '12290.289106778122', '18697.88252378292', NULL, NULL, '0.0', '0.0', NULL, 'CLOSED', '3043.5230735408813', '2026-01-15 02:52:24.367686', '2026-01-16 12:52:24.367686', '2026-01-16 12:52:24.367686');
INSERT INTO trades (id, account_id, user_id, symbol, side, quantity, price, trade_type, amount, entry_price, exit_price, stop_loss, take_profit, commission, swap, notes, status, pnl, timestamp, created_at, closed_at) VALUES ('80', '9', '9', 'NDX100', 'BUY', '0.7246244688323166', '33117.04909588285', 'BUY', '0.0', '7322.632485537271', '20885.907678663632', NULL, NULL, '0.0', '0.0', NULL, 'CLOSED', '-5529.101717695589', '2026-01-14 16:52:24.367686', '2026-01-14 13:52:24.367686', '2026-01-16 12:52:24.367686');
INSERT INTO trades (id, account_id, user_id, symbol, side, quantity, price, trade_type, amount, entry_price, exit_price, stop_loss, take_profit, commission, swap, notes, status, pnl, timestamp, created_at, closed_at) VALUES ('81', '9', '9', 'EUR-USD', 'SELL', '1.3168765703738987', '34331.61719988084', 'SELL', '0.0', '9879.299508053204', '44192.1716516434', NULL, NULL, '0.0', '0.0', NULL, 'CLOSED', '2699.624314860859', '2026-01-16 10:52:24.367686', '2026-01-15 15:52:24.367686', '2026-01-16 12:52:24.367686');
INSERT INTO trades (id, account_id, user_id, symbol, side, quantity, price, trade_type, amount, entry_price, exit_price, stop_loss, take_profit, commission, swap, notes, status, pnl, timestamp, created_at, closed_at) VALUES ('82', '9', '9', 'ETH-USD', 'SELL', '0.7465117716748852', '45171.73572323245', 'SELL', '0.0', '38561.57547624395', '22460.473233636865', NULL, NULL, '0.0', '0.0', NULL, 'CLOSED', '-5452.16810918962', '2026-01-14 15:52:24.367686', '2026-01-12 09:52:24.367686', '2026-01-16 12:52:24.367686');
INSERT INTO trades (id, account_id, user_id, symbol, side, quantity, price, trade_type, amount, entry_price, exit_price, stop_loss, take_profit, commission, swap, notes, status, pnl, timestamp, created_at, closed_at) VALUES ('83', '9', '9', 'BTC-USD', 'SELL', '0.9744279442816907', '48128.449720849254', 'SELL', '0.0', '40778.577923198136', '40376.814852990225', NULL, NULL, '0.0', '0.0', NULL, 'CLOSED', '-3285.897984398349', '2026-01-09 14:52:24.368685', '2026-01-10 16:52:24.368685', '2026-01-16 12:52:24.368685');
INSERT INTO trades (id, account_id, user_id, symbol, side, quantity, price, trade_type, amount, entry_price, exit_price, stop_loss, take_profit, commission, swap, notes, status, pnl, timestamp, created_at, closed_at) VALUES ('84', '9', '9', 'XAU-USD', 'BUY', '1.798065476894801', '37686.14859659925', 'BUY', '0.0', '39579.31066521558', '458.65723215697045', NULL, NULL, '0.0', '0.0', NULL, 'CLOSED', '-5140.426481291847', '2026-01-10 08:52:24.368685', '2026-01-14 18:52:24.368685', '2026-01-16 12:52:24.368685');
INSERT INTO trades (id, account_id, user_id, symbol, side, quantity, price, trade_type, amount, entry_price, exit_price, stop_loss, take_profit, commission, swap, notes, status, pnl, timestamp, created_at, closed_at) VALUES ('85', '9', '9', 'EUR-USD', 'SELL', '1.5533011947334607', '5130.280009344254', 'SELL', '0.0', '45349.233424399645', '26126.795116657795', NULL, NULL, '0.0', '0.0', NULL, 'CLOSED', '4020.641801163405', '2026-01-15 10:52:24.368685', '2026-01-10 15:52:24.368685', '2026-01-16 12:52:24.368685');
INSERT INTO trades (id, account_id, user_id, symbol, side, quantity, price, trade_type, amount, entry_price, exit_price, stop_loss, take_profit, commission, swap, notes, status, pnl, timestamp, created_at, closed_at) VALUES ('86', '9', '9', 'EUR-USD', 'SELL', '0.8849033756196254', '38384.901332751935', 'SELL', '0.0', '36130.56282138213', '46194.358172058455', NULL, NULL, '0.0', '0.0', NULL, 'CLOSED', '9957.47006577193', '2026-01-16 09:52:24.369685', '2026-01-11 18:52:24.369685', '2026-01-16 12:52:24.369685');
INSERT INTO trades (id, account_id, user_id, symbol, side, quantity, price, trade_type, amount, entry_price, exit_price, stop_loss, take_profit, commission, swap, notes, status, pnl, timestamp, created_at, closed_at) VALUES ('87', '9', '9', 'ATW.MA', 'SELL', '0.46911362930755696', '4199.66589959838', 'SELL', '0.0', '27377.49787880947', '19561.559859352365', NULL, NULL, '0.0', '0.0', NULL, 'CLOSED', '3283.148182295051', '2026-01-11 19:52:24.369685', '2026-01-11 21:52:24.369685', '2026-01-16 12:52:24.369685');
INSERT INTO trades (id, account_id, user_id, symbol, side, quantity, price, trade_type, amount, entry_price, exit_price, stop_loss, take_profit, commission, swap, notes, status, pnl, timestamp, created_at, closed_at) VALUES ('88', '9', '9', 'ETH-USD', 'BUY', '0.7363115529043829', '34770.71998419572', 'BUY', '0.0', '7279.253580093994', '3543.0162939883057', NULL, NULL, '0.0', '0.0', NULL, 'CLOSED', '-2981.829413644761', '2026-01-13 23:52:24.369685', '2026-01-09 17:52:24.369685', '2026-01-16 12:52:24.369685');
INSERT INTO trades (id, account_id, user_id, symbol, side, quantity, price, trade_type, amount, entry_price, exit_price, stop_loss, take_profit, commission, swap, notes, status, pnl, timestamp, created_at, closed_at) VALUES ('89', '9', '9', 'ATW.MA', 'BUY', '1.2515655438587974', '43374.30107963431', 'BUY', '0.0', '16872.98357329052', '26172.503074632907', NULL, NULL, '0.0', '0.0', NULL, 'CLOSED', '2900.6480229353842', '2026-01-15 05:52:24.369685', '2026-01-14 07:52:24.369685', '2026-01-16 12:52:24.369685');
INSERT INTO trades (id, account_id, user_id, symbol, side, quantity, price, trade_type, amount, entry_price, exit_price, stop_loss, take_profit, commission, swap, notes, status, pnl, timestamp, created_at, closed_at) VALUES ('90', '9', '9', 'ETH-USD', 'BUY', '1.4286178699113115', '49656.62708620632', 'BUY', '0.0', '43274.718098883175', '46682.23175849235', NULL, NULL, '0.0', '0.0', NULL, 'CLOSED', '3776.79000232254', '2026-01-09 16:52:24.369685', '2026-01-14 10:52:24.369685', '2026-01-16 12:52:24.369685');
INSERT INTO trades (id, account_id, user_id, symbol, side, quantity, price, trade_type, amount, entry_price, exit_price, stop_loss, take_profit, commission, swap, notes, status, pnl, timestamp, created_at, closed_at) VALUES ('91', '10', '10', 'TSLA', 'SELL', '0.7979353126525746', '804.956140686555', 'SELL', '0.0', '48239.315765194', '20825.527341229954', NULL, NULL, '0.0', '0.0', NULL, 'CLOSED', '1797.1268223558513', '2026-01-13 12:52:24.602996', '2026-01-13 01:52:24.602996', '2026-01-16 12:52:24.602996');
INSERT INTO trades (id, account_id, user_id, symbol, side, quantity, price, trade_type, amount, entry_price, exit_price, stop_loss, take_profit, commission, swap, notes, status, pnl, timestamp, created_at, closed_at) VALUES ('92', '10', '10', 'IAM.MA', 'SELL', '1.2089322608595952', '42102.955804580546', 'SELL', '0.0', '6910.753872813909', '40940.408331416016', NULL, NULL, '0.0', '0.0', NULL, 'CLOSED', '625.8804814941765', '2026-01-15 10:52:24.603995', '2026-01-12 05:52:24.603995', '2026-01-16 12:52:24.603995');
INSERT INTO trades (id, account_id, user_id, symbol, side, quantity, price, trade_type, amount, entry_price, exit_price, stop_loss, take_profit, commission, swap, notes, status, pnl, timestamp, created_at, closed_at) VALUES ('93', '10', '10', 'XAU-USD', 'BUY', '1.8395002392562367', '44113.0940016561', 'BUY', '0.0', '40438.090373443316', '22613.26103409264', NULL, NULL, '0.0', '0.0', NULL, 'CLOSED', '-440.7332676956962', '2026-01-11 08:52:24.605993', '2026-01-10 14:52:24.605993', '2026-01-16 12:52:24.605993');
INSERT INTO trades (id, account_id, user_id, symbol, side, quantity, price, trade_type, amount, entry_price, exit_price, stop_loss, take_profit, commission, swap, notes, status, pnl, timestamp, created_at, closed_at) VALUES ('94', '10', '10', 'GBP-JPY', 'BUY', '0.16949723355013024', '13151.992822809007', 'BUY', '0.0', '5127.600204756379', '16196.310368591216', NULL, NULL, '0.0', '0.0', NULL, 'CLOSED', '872.0884046972589', '2026-01-11 12:52:24.605993', '2026-01-15 00:52:24.605993', '2026-01-16 12:52:24.605993');
INSERT INTO trades (id, account_id, user_id, symbol, side, quantity, price, trade_type, amount, entry_price, exit_price, stop_loss, take_profit, commission, swap, notes, status, pnl, timestamp, created_at, closed_at) VALUES ('95', '10', '10', 'ATW.MA', 'BUY', '1.7016666202232824', '22578.931212088213', 'BUY', '0.0', '31084.838968122516', '44802.93035875469', NULL, NULL, '0.0', '0.0', NULL, 'CLOSED', '-1260.8936625968029', '2026-01-12 13:52:24.605993', '2026-01-11 03:52:24.605993', '2026-01-16 12:52:24.605993');
INSERT INTO trades (id, account_id, user_id, symbol, side, quantity, price, trade_type, amount, entry_price, exit_price, stop_loss, take_profit, commission, swap, notes, status, pnl, timestamp, created_at, closed_at) VALUES ('96', '10', '10', 'BTC-USD', 'SELL', '1.0128457515683522', '42893.33440661355', 'SELL', '0.0', '43786.54794999318', '13768.979854508347', NULL, NULL, '0.0', '0.0', NULL, 'CLOSED', '945.9234644937369', '2026-01-12 18:52:24.605993', '2026-01-14 13:52:24.605993', '2026-01-16 12:52:24.605993');
INSERT INTO trades (id, account_id, user_id, symbol, side, quantity, price, trade_type, amount, entry_price, exit_price, stop_loss, take_profit, commission, swap, notes, status, pnl, timestamp, created_at, closed_at) VALUES ('97', '10', '10', 'ATW.MA', 'BUY', '1.452137328376095', '30611.333650140892', 'BUY', '0.0', '39080.68361662073', '17079.353169078895', NULL, NULL, '0.0', '0.0', NULL, 'CLOSED', '475.85826770200003', '2026-01-11 10:52:24.605993', '2026-01-12 09:52:24.605993', '2026-01-16 12:52:24.605993');
INSERT INTO trades (id, account_id, user_id, symbol, side, quantity, price, trade_type, amount, entry_price, exit_price, stop_loss, take_profit, commission, swap, notes, status, pnl, timestamp, created_at, closed_at) VALUES ('98', '10', '10', 'ATW.MA', 'BUY', '1.9792097094065126', '45530.957461515696', 'BUY', '0.0', '3885.8786777086575', '41842.70036132223', NULL, NULL, '0.0', '0.0', NULL, 'CLOSED', '-889.1513776150985', '2026-01-15 11:52:24.605993', '2026-01-09 21:52:24.605993', '2026-01-16 12:52:24.605993');
